name,12/31/2019,09/30/2019,06/30/2019,03/31/2019,12/31/2018,09/30/2018,06/30/2018,03/31/2018,12/31/2017,09/30/2017,06/30/2017,03/31/2017,12/31/2016,09/30/2016,06/30/2016,03/31/2016,12/31/2015,09/30/2015,06/30/2015,03/31/2015,12/31/2014,09/30/2014,06/30/2014,03/31/2014,12/31/2013,09/30/2013,06/30/2013,03/31/2013,12/31/2012,09/30/2012,06/30/2012,03/31/2012,09/30/2011,06/30/2011,03/31/2011,12/31/2010,09/30/2010,06/30/2010,03/31/2010,12/31/2009,09/30/2009,06/30/2009,03/31/2009,12/31/2008,09/30/2008,06/30/2008,03/31/2008,12/31/2007,09/30/2007,06/30/2007,03/31/2007,12/31/2006,09/30/2006,06/30/2006,03/31/2006,12/31/2005,09/30/2005,06/30/2005,03/31/2005,12/31/2004,09/30/2004,06/30/2004
TotalAssets,"404,336,000,000","395,774,000,000","408,891,000,000","411,825,000,000","399,194,000,000","407,989,000,000","407,234,000,000","410,719,000,000","407,097,000,000","413,082,000,000","410,785,000,000","410,951,000,000","411,275,000,000","419,648,000,000","417,441,000,000","416,304,000,000","340,157,000,000","343,701,000,000","356,328,000,000","341,832,000,000","353,294,000,000","359,411,000,000","370,716,000,000","366,593,000,000","357,512,000,000","354,613,000,000","345,508,000,000","356,994,000,000","360,325,000,000","360,350,000,000","345,832,000,000","359,300,000,000","347,482,000,000","350,824,000,000","343,327,000,000","322,560,000,000","310,654,000,000","297,257,000,000","297,202,000,000","292,181,000,000","297,254,000,000","291,737,000,000","281,320,000,000","282,401,000,000","302,081,000,000","342,679,000,000","295,420,000,000","269,470,000,000","251,579,000,000","241,540,000,000","241,131,000,000","235,276,000,000","233,444,000,000","230,550,000,000","220,033,000,000","219,516,000,000","241,230,000,000","202,497,000,000","195,498,000,000","187,445,999,829.1","181,189,000,000","169,915,000,000"
	CurrentAssets,"92,689,000,000","86,186,000,000","93,096,000,000","95,990,000,000","97,482,000,000","107,246,000,000","103,512,000,000","98,046,000,000","95,404,000,000","91,924,000,000","88,052,000,000","85,385,000,000","86,569,000,000","87,098,000,000","85,395,000,000","81,250,000,000","93,358,000,000","100,252,000,000","100,395,000,000","91,531,000,000","100,058,000,000","105,401,000,000","112,005,000,000","104,423,000,000","103,343,000,000","106,659,000,000","103,876,000,000","115,743,000,000","114,734,000,000","122,169,000,000","116,777,000,000","127,985,000,000","128,035,000,000","128,913,000,000","128,343,000,000","112,894,000,000","102,973,000,000","102,595,000,000","100,036,000,000","96,457,000,000","106,661,000,000","108,046,000,000","114,481,000,000","116,570,000,000","131,363,000,000","175,855,000,000","134,108,000,000","115,397,000,000","103,634,000,000","102,263,000,000","94,142,000,000","91,885,000,000","98,526,000,000","98,761,000,000","95,168,000,000","97,892,000,000","121,300,000,000","81,506,000,000","71,593,000,000","62,049,000,682.5","58,712,000,000","50,294,000,000"
		CashCashEquivalentsAndShortTermInvestments,"18,055,000,000","15,417,000,000","18,470,000,000","21,470,000,000","26,741,000,000","19,112,000,000","19,468,000,000","21,927,000,000","20,312,000,000","20,699,000,000","23,992,000,000","19,595,000,000","19,130,000,000","19,984,000,000","15,222,000,000","11,019,000,000","31,752,000,000","31,846,000,000","26,981,000,000","19,867,000,000","21,607,000,000","19,027,000,000","15,419,000,000","11,924,000,000","9,696,000,000","14,278,000,000","12,540,000,000","17,614,000,000","18,550,000,000","18,839,000,000","17,282,000,000","15,024,000,000","19,256,000,000","19,465,000,000","16,608,000,000","13,444,000,000","11,282,000,000","12,008,000,000","8,448,000,000","9,719,000,000","14,275,000,000","10,596,000,000","15,961,000,000","15,188,000,000","7,821,000,000","8,990,000,000","14,417,000,000","9,656,000,000","14,092,000,000","15,117,000,000","11,184,000,000","9,002,000,000","11,240,000,000","11,774,000,000","12,767,000,000","11,730,000,000","15,998,000,000","11,520,000,000","8,888,000,000","9,201,000,953.2","3,948,000,000","3,244,000,000"
			CashAndCashEquivalents,"18,055,000,000","15,417,000,000","18,470,000,000","21,470,000,000","26,741,000,000","19,112,000,000","19,468,000,000","21,927,000,000","20,312,000,000","20,699,000,000","23,992,000,000","19,595,000,000","19,130,000,000","19,984,000,000","15,222,000,000","11,019,000,000","31,752,000,000","31,846,000,000","26,981,000,000","19,867,000,000","21,607,000,000","19,027,000,000","15,419,000,000","11,924,000,000","9,696,000,000","14,278,000,000","12,540,000,000","17,614,000,000","18,550,000,000","18,839,000,000","17,282,000,000","15,024,000,000","19,256,000,000","19,465,000,000","16,608,000,000","13,444,000,000","11,282,000,000","12,008,000,000","8,448,000,000","9,719,000,000","14,275,000,000","10,596,000,000","15,961,000,000","15,188,000,000","7,821,000,000","8,990,000,000","14,417,000,000","9,656,000,000","14,092,000,000","15,117,000,000","11,184,000,000","9,002,000,000","11,240,000,000","11,774,000,000","12,767,000,000","11,730,000,000","15,998,000,000","11,520,000,000","8,888,000,000","9,201,000,953.2","3,948,000,000","3,244,000,000"
			CashCashEquivalentsAndShortTermInvestments,"18,055,000,000","15,417,000,000","18,470,000,000","21,470,000,000","26,741,000,000","19,112,000,000","19,468,000,000","21,927,000,000","20,312,000,000","20,699,000,000","23,992,000,000","19,595,000,000","19,130,000,000","19,984,000,000","15,222,000,000","11,019,000,000","31,752,000,000","31,846,000,000","26,981,000,000","19,867,000,000","21,607,000,000","19,027,000,000","15,419,000,000","11,924,000,000","9,696,000,000","14,278,000,000","12,540,000,000","17,614,000,000","18,550,000,000","18,839,000,000","17,282,000,000","15,024,000,000","19,256,000,000","19,465,000,000","16,608,000,000","13,444,000,000","11,282,000,000","12,008,000,000","8,448,000,000","9,719,000,000","14,275,000,000","10,596,000,000","15,961,000,000","15,188,000,000","7,821,000,000","8,990,000,000","14,417,000,000","9,656,000,000","14,092,000,000","15,117,000,000","11,184,000,000","9,002,000,000","11,240,000,000","11,774,000,000","12,767,000,000","11,730,000,000","15,998,000,000","11,520,000,000","8,888,000,000","9,201,000,953.2","3,948,000,000","3,244,000,000"
		AccountsReceivable,"30,216,000,000","40,694,000,000","43,139,000,000","44,521,000,000","27,541,000,000","51,097,000,000","48,654,000,000","45,071,000,000","30,721,000,000","47,206,000,000",,,,,,,,"49,130,000,000",,,,,,,,,"62,312,000,000",,"65,403,000,000","70,972,000,000","71,200,000,000","78,798,000,000","78,529,000,000","75,493,000,000","78,103,000,000","70,102,000,000","62,769,000,000","62,615,000,000","62,874,000,000","59,328,000,000","66,966,000,000","72,529,000,000","77,116,000,000","82,040,000,000","90,100,000,000","127,241,000,000","87,507,000,000","42,308,000,000","61,636,000,000","60,649,000,000","58,998,000,000","30,966,000,000","63,895,000,000",,,"66,386,000,000","83,812,000,000","51,420,000,000","45,188,000,000","23,627,000,466.5","37,898,000,000",
		Inventory,"24,071,000,000","23,240,000,000","24,465,000,000","23,937,000,000","21,117,000,000","29,313,000,000","27,975,000,000","25,014,000,000","25,223,000,000","24,019,000,000","22,318,000,000","21,589,000,000","21,775,000,000","20,562,000,000","20,626,000,000","17,396,000,000","15,822,000,000","19,276,000,000","22,485,000,000","19,968,000,000","19,981,000,000","27,318,000,000","31,361,000,000","28,829,000,000","30,009,000,000","29,820,000,000","29,024,000,000","31,531,000,000","30,781,000,000","32,358,000,000","28,295,000,000","34,163,000,000","30,250,000,000","33,955,000,000","33,632,000,000","29,348,000,000","28,922,000,000","27,972,000,000","28,714,000,000","27,410,000,000","25,420,000,000","24,921,000,000","21,404,000,000","19,342,000,000","33,442,000,000","39,624,000,000","32,184,000,000","31,503,000,000","27,906,000,000","26,497,000,000","23,960,000,000","23,215,000,000","23,391,000,000","24,660,000,000","21,600,000,000","19,776,000,000","21,490,000,000","18,566,000,000","17,517,000,000","15,374,999,528.6","16,866,000,000","14,545,000,000"
		OtherCurrentAssets,"1,000,000",,,,,,,,,,,,,,,,,,,,,,,,,,,,,,,,,,,,,,,,,,,,,,,"19,276,000,000",,,,"20,011,000,000",,,,,,,,,,"32,505,000,000"
		CurrentAssets,"92,689,000,000","86,186,000,000","93,096,000,000","95,990,000,000","97,482,000,000","107,246,000,000","103,512,000,000","98,046,000,000","95,404,000,000","91,924,000,000","88,052,000,000","85,385,000,000","86,569,000,000","87,098,000,000","85,395,000,000","81,250,000,000","93,358,000,000","100,252,000,000","100,395,000,000","91,531,000,000","100,058,000,000","105,401,000,000","112,005,000,000","104,423,000,000","103,343,000,000","106,659,000,000","103,876,000,000","115,743,000,000","114,734,000,000","122,169,000,000","116,777,000,000","127,985,000,000","128,035,000,000","128,913,000,000","128,343,000,000","112,894,000,000","102,973,000,000","102,595,000,000","100,036,000,000","96,457,000,000","106,661,000,000","108,046,000,000","114,481,000,000","116,570,000,000","131,363,000,000","175,855,000,000","134,108,000,000","115,397,000,000","103,634,000,000","102,263,000,000","94,142,000,000","91,885,000,000","98,526,000,000","98,761,000,000","95,168,000,000","97,892,000,000","121,300,000,000","81,506,000,000","71,593,000,000","62,049,000,682.5","58,712,000,000","50,294,000,000"
	TotalNonCurrentAssets,"311,647,000,000","309,588,000,000","315,794,000,000","315,835,000,000","301,712,000,000","300,743,000,000","303,722,000,000","312,673,000,000","311,693,000,000","321,158,000,000","322,733,000,000","325,566,000,000","324,706,000,000","332,550,000,000","332,046,000,000","335,054,000,000","246,799,000,000","243,449,000,000","255,933,000,000","250,301,000,000","253,236,000,000","254,010,000,000","258,711,000,000","262,170,000,000","254,169,000,000","247,954,000,000","241,632,000,000","241,251,000,000","245,591,000,000","238,181,000,000","229,055,000,000","231,315,000,000","219,447,000,000","221,911,000,000","214,984,000,000","209,666,000,000","207,681,000,000","194,662,000,000","197,166,000,000","195,724,000,000","190,593,000,000","183,691,000,000","166,839,000,000","165,831,000,000","170,718,000,000","166,824,000,000","161,312,000,000","154,073,000,000","147,945,000,000","139,277,000,000","146,989,000,000","143,391,000,000","134,918,000,000","131,789,000,000","124,865,000,000","121,624,000,000","119,930,000,000","120,991,000,000","123,905,000,000","125,396,999,146.6","122,477,000,000","119,621,000,000"
		NetPPE,"238,349,000,000","236,921,000,000","239,066,000,000","239,189,000,000","223,175,000,000","224,172,000,000","223,287,000,000","226,328,000,000","226,380,000,000","230,360,000,000","231,544,000,000","233,822,000,000","236,098,000,000","241,059,000,000","242,907,000,000","245,133,000,000","182,838,000,000","181,681,000,000","192,633,000,000","189,263,000,000","192,472,000,000","190,842,000,000","193,069,000,000","194,608,000,000","191,897,000,000","186,541,000,000","180,863,000,000","180,244,000,000","172,293,000,000","162,401,000,000","155,526,000,000","155,239,000,000","147,027,000,000","148,057,000,000","144,835,000,000","142,705,000,000","139,863,000,000","133,179,000,000","133,669,000,000","131,619,000,000","127,207,000,000","121,708,000,000","113,255,000,000","112,038,000,000","114,193,000,000","109,191,000,000","105,806,000,000","101,521,000,000","96,611,000,000","90,584,000,000","103,624,000,000","100,988,000,000","96,133,000,000","94,102,000,000","88,537,000,000","87,558,000,000","85,601,000,000","84,816,000,000","85,778,000,000","87,918,000,608.5","97,430,000,000","95,165,000,000"
			GrossPPE,"439,160,000,000",,,,"414,837,000,000",,,,"424,069,000,000",,,,,,,,,,,,,,,,,,,,,,,,,,,"285,525,000,000",,,,"270,816,000,000","127,207,000,000",,,"233,312,000,000","114,193,000,000","109,191,000,000","105,806,000,000","235,278,000,000","96,611,000,000","90,584,000,000","103,624,000,000","219,176,000,000","96,133,000,000","94,102,000,000","88,537,000,000","190,809,000,000","85,601,000,000","189,528,000,000","190,490,000,000","189,447,000,323.9","97,430,000,000","95,165,000,000"
			AccumulatedDepreciation,"-200,811,000,000",,,,"-191,662,000,000",,,,"-197,689,000,000",,,,,,,,,,,,,,,,,,,,,,,,,,,"-142,820,000,000",,,,"-139,197,000,000",,,,"-121,274,000,000",,,,"-133,757,000,000",,,,"-118,188,000,000",,,,"-103,251,000,000",,"-104,712,000,000","-104,712,000,000","-101,528,999,715.4",,
			NetPPE,"238,349,000,000","236,921,000,000","239,066,000,000","239,189,000,000","223,175,000,000","224,172,000,000","223,287,000,000","226,328,000,000","226,380,000,000","230,360,000,000","231,544,000,000","233,822,000,000","236,098,000,000","241,059,000,000","242,907,000,000","245,133,000,000","182,838,000,000","181,681,000,000","192,633,000,000","189,263,000,000","192,472,000,000","190,842,000,000","193,069,000,000","194,608,000,000","191,897,000,000","186,541,000,000","180,863,000,000","180,244,000,000","172,293,000,000","162,401,000,000","155,526,000,000","155,239,000,000","147,027,000,000","148,057,000,000","144,835,000,000","142,705,000,000","139,863,000,000","133,179,000,000","133,669,000,000","131,619,000,000","127,207,000,000","121,708,000,000","113,255,000,000","112,038,000,000","114,193,000,000","109,191,000,000","105,806,000,000","101,521,000,000","96,611,000,000","90,584,000,000","103,624,000,000","100,988,000,000","96,133,000,000","94,102,000,000","88,537,000,000","87,558,000,000","85,601,000,000","84,816,000,000","85,778,000,000","87,918,000,608.5","97,430,000,000","95,165,000,000"
		Goodwill,"14,205,000,000",,,,"13,716,000,000",,,,"13,662,000,000",,,,,,,,,,,,,,,,,,,,,,,,,,,,,,,,,,,,,,,,,,,"2,933,000,000",,,,,"0","0",,"0","0","0"
		OtherIntangibleAssets,"9,281,000,000",,,,"9,870,000,000",,,,"10,518,000,000",,,,,,,,,,,,,,,,,,,,,,,,,"4,668,000,000","4,725,000,000","5,039,000,000","5,171,000,000","5,171,000,000","5,296,000,000","5,356,000,000","5,288,000,000","5,197,000,000","4,961,000,000","5,021,000,000","5,541,000,000","5,336,000,000","5,282,000,000","5,366,000,000","5,307,000,000","5,126,000,000","5,117,000,000","1,875,000,000","4,697,000,000","4,721,000,000","4,444,000,000","4,350,000,000","4,361,000,000","4,403,000,000","4,428,000,000","4,528,000,262.5","4,338,000,000","4,380,000,000"
		OtherNonCurrentAssets,"1,000,000","1,000,000",,,,,,,,,,,,,,,,,"3,892,000,000",,,,"3,439,000,000",,,,,,,,,,,,,"19,338,000,000","8,909,000,000","7,528,000,000","8,350,000,000","9,158,000,000","9,646,000,000","8,886,000,000","6,976,000,000","45,354,000,000","6,219,000,000","6,504,000,000","6,406,000,000","43,933,000,000","5,903,000,000","5,548,000,000","5,285,000,000","34,627,000,000","4,598,000,000","8,481,000,000","4,667,000,000","27,154,000,000","4,102,000,000","28,811,000,000","30,924,000,000","5,792,999,730.7",,
		TotalNonCurrentAssets,"311,647,000,000","309,588,000,000","315,794,000,000","315,835,000,000","301,712,000,000","300,743,000,000","303,722,000,000","312,673,000,000","311,693,000,000","321,158,000,000","322,733,000,000","325,566,000,000","324,706,000,000","332,550,000,000","332,046,000,000","335,054,000,000","246,799,000,000","243,449,000,000","255,933,000,000","250,301,000,000","253,236,000,000","254,010,000,000","258,711,000,000","262,170,000,000","254,169,000,000","247,954,000,000","241,632,000,000","241,251,000,000","245,591,000,000","238,181,000,000","229,055,000,000","231,315,000,000","219,447,000,000","221,911,000,000","214,984,000,000","209,666,000,000","207,681,000,000","194,662,000,000","197,166,000,000","195,724,000,000","190,593,000,000","183,691,000,000","166,839,000,000","165,831,000,000","170,718,000,000","166,824,000,000","161,312,000,000","154,073,000,000","147,945,000,000","139,277,000,000","146,989,000,000","143,391,000,000","134,918,000,000","131,789,000,000","124,865,000,000","121,624,000,000","119,930,000,000","120,991,000,000","123,905,000,000","125,396,999,146.6","122,477,000,000","119,621,000,000"
	TotalAssets,"404,336,000,000","395,774,000,000","408,891,000,000","411,825,000,000","399,194,000,000","407,989,000,000","407,234,000,000","410,719,000,000","407,097,000,000","413,082,000,000","410,785,000,000","410,951,000,000","411,275,000,000","419,648,000,000","417,441,000,000","416,304,000,000","340,157,000,000","343,701,000,000","356,328,000,000","341,832,000,000","353,294,000,000","359,411,000,000","370,716,000,000","366,593,000,000","357,512,000,000","354,613,000,000","345,508,000,000","356,994,000,000","360,325,000,000","360,350,000,000","345,832,000,000","359,300,000,000","347,482,000,000","350,824,000,000","343,327,000,000","322,560,000,000","310,654,000,000","297,257,000,000","297,202,000,000","292,181,000,000","297,254,000,000","291,737,000,000","281,320,000,000","282,401,000,000","302,081,000,000","342,679,000,000","295,420,000,000","269,470,000,000","251,579,000,000","241,540,000,000","241,131,000,000","235,276,000,000","233,444,000,000","230,550,000,000","220,033,000,000","219,516,000,000","241,230,000,000","202,497,000,000","195,498,000,000","187,445,999,829.1","181,189,000,000","169,915,000,000"
TotalAssets,"404,336,000,000","395,774,000,000","408,891,000,000","411,825,000,000","399,194,000,000","407,989,000,000","407,234,000,000","410,719,000,000","407,097,000,000","413,082,000,000","410,785,000,000","410,951,000,000","411,275,000,000","419,648,000,000","417,441,000,000","416,304,000,000","340,157,000,000","343,701,000,000","356,328,000,000","341,832,000,000","353,294,000,000","359,411,000,000","370,716,000,000","366,593,000,000","357,512,000,000","354,613,000,000","345,508,000,000","356,994,000,000","360,325,000,000","360,350,000,000","345,832,000,000","359,300,000,000","347,482,000,000","350,824,000,000","343,327,000,000","322,560,000,000","310,654,000,000","297,257,000,000","297,202,000,000","292,181,000,000","297,254,000,000","291,737,000,000","281,320,000,000","282,401,000,000","302,081,000,000","342,679,000,000","295,420,000,000","269,470,000,000","251,579,000,000","241,540,000,000","241,131,000,000","235,276,000,000","233,444,000,000","230,550,000,000","220,033,000,000","219,516,000,000","241,230,000,000","202,497,000,000","195,498,000,000","187,445,999,829.1","181,189,000,000","169,915,000,000"
	TotalLiabilitiesNetMinorityInterest,"213,873,000,000","203,194,000,000","212,637,000,000","211,569,000,000","196,660,000,000","206,503,000,000","205,994,000,000","209,406,000,000","209,285,000,000","214,549,000,000","214,528,000,000","218,198,000,000","222,764,000,000","230,919,000,000","224,935,000,000","218,290,000,000","176,036,000,000","181,219,000,000","178,320,000,000","173,010,000,000","180,330,000,000","178,419,000,000","184,603,000,000","183,463,000,000","176,364,000,000","174,207,000,000","167,287,000,000","175,755,000,000","170,398,000,000","175,167,000,000","167,756,000,000","180,108,000,000","181,279,000,000","183,508,000,000","183,644,000,000","172,780,000,000","166,209,000,000","158,094,000,000","157,465,000,000","154,046,000,000","158,742,000,000","156,615,000,000","153,379,000,000","153,535,000,000","161,706,000,000","200,770,000,000","162,257,000,000","143,502,000,000","131,553,000,000","127,196,000,000","127,621,000,000","120,331,000,000","123,153,000,000","122,317,000,000","117,062,000,000","121,592,000,000","141,425,000,000","108,428,000,000","106,160,000,000","96,063,000,256.9","98,642,000,000","90,079,000,000"
		CurrentLiabilities,"79,624,000,000","75,165,000,000","84,317,000,000","82,845,000,000","77,813,000,000","89,746,000,000","81,521,000,000","81,589,000,000","79,767,000,000","74,920,000,000","71,245,000,000","70,783,000,000","73,825,000,000","74,937,000,000","77,465,000,000","78,465,000,000","70,948,000,000","76,669,000,000","78,495,000,000","79,502,000,000","86,212,000,000","88,429,000,000","94,904,000,000","92,381,000,000","93,258,000,000","93,782,000,000","91,269,000,000","99,621,000,000","96,979,000,000","104,229,000,000","97,666,000,000","108,489,000,000","107,528,000,000","108,881,000,000","111,440,000,000","100,552,000,000","92,786,000,000","84,432,000,000","84,353,000,000","84,789,000,000","89,143,000,000","93,755,000,000","100,711,000,000","105,529,000,000","112,728,000,000","150,599,000,000","112,897,000,000","94,384,000,000","82,515,000,000","80,858,000,000","81,642,000,000","76,748,000,000","83,566,000,000","82,235,000,000","80,470,000,000","84,964,000,000","103,692,000,000","70,676,000,000","66,592,000,000","54,852,001,326.5","56,043,000,000","50,220,000,000"
			CurrentDebt,"10,108,000,000",,,,"9,112,000,000",,,,"10,711,000,000",,,,,,,,,,,,,,,,"8,344,000,000","5,106,000,000",,"8,461,000,000",,,,,,"11,022,000,000","10,839,000,000","9,951,000,000","9,932,000,000","4,505,000,000","2,422,000,000","4,171,000,000","4,774,000,000","4,621,000,000","6,693,000,000","9,497,000,000","5,984,000,000","5,352,000,000","5,684,000,000","5,736,000,000","4,683,000,000","5,266,000,000","5,393,000,000","6,060,000,000","6,395,000,000","6,112,000,000","5,185,000,000","5,338,000,000","6,714,000,000","5,479,000,000","5,755,000,000","5,734,000,610","7,173,000,000",
			AccountsPayable,"29,497,000,000","45,543,000,000","49,347,000,000","48,879,000,000","30,351,000,000","54,713,000,000","52,270,000,000","49,405,000,000","33,196,000,000","52,590,000,000","48,518,000,000","49,553,000,000","53,417,000,000","49,882,000,000","52,669,000,000","56,032,000,000","52,770,000,000","55,230,000,000","56,424,000,000","55,761,000,000","64,864,000,000","65,741,000,000","72,495,000,000","70,738,000,000","70,112,000,000","71,988,000,000","70,922,000,000","73,301,000,000","72,839,000,000","77,550,000,000","75,361,000,000","85,360,000,000","80,357,000,000","79,344,000,000","82,270,000,000","76,550,000,000","65,980,000,000","64,553,000,000","65,603,000,000","67,161,000,000",,"76,298,000,000","81,554,000,000","71,683,000,000",,"126,246,000,000","89,531,000,000","36,349,000,000",,"61,978,000,000","64,156,000,000","26,509,000,000","64,445,000,000","63,701,000,000","62,350,000,000","69,013,000,000","82,912,000,000","52,678,000,000","45,692,000,000","18,693,000,552","38,399,000,000",
			OtherCurrentLiabilities,"1,000,000","-1,000,000",,"1,000,000",,,,,,,,,,,,,,,"3,976,000,000",,,,,,,,,,,,,,,,,"377,000,000",,"388,000,000","405,000,000",,,"410,000,000","386,000,000","10,941,000,000",,,,"41,812,000,000",,,,"8,132,000,000",,,,"10,613,000,000",,"12,519,000,000","15,145,000,000",,,"50,220,000,000"
			CurrentLiabilities,"79,624,000,000","75,165,000,000","84,317,000,000","82,845,000,000","77,813,000,000","89,746,000,000","81,521,000,000","81,589,000,000","79,767,000,000","74,920,000,000","71,245,000,000","70,783,000,000","73,825,000,000","74,937,000,000","77,465,000,000","78,465,000,000","70,948,000,000","76,669,000,000","78,495,000,000","79,502,000,000","86,212,000,000","88,429,000,000","94,904,000,000","92,381,000,000","93,258,000,000","93,782,000,000","91,269,000,000","99,621,000,000","96,979,000,000","104,229,000,000","97,666,000,000","108,489,000,000","107,528,000,000","108,881,000,000","111,440,000,000","100,552,000,000","92,786,000,000","84,432,000,000","84,353,000,000","84,789,000,000","89,143,000,000","93,755,000,000","100,711,000,000","105,529,000,000","112,728,000,000","150,599,000,000","112,897,000,000","94,384,000,000","82,515,000,000","80,858,000,000","81,642,000,000","76,748,000,000","83,566,000,000","82,235,000,000","80,470,000,000","84,964,000,000","103,692,000,000","70,676,000,000","66,592,000,000","54,852,001,326.5","56,043,000,000","50,220,000,000"
		TotalNonCurrentLiabilitiesNetMinorityInterest,"134,249,000,000","128,029,000,000","128,320,000,000","128,724,000,000","118,847,000,000","116,757,000,000","124,473,000,000","127,817,000,000","129,518,000,000","139,629,000,000","143,283,000,000","147,415,000,000","148,939,000,000","155,982,000,000","147,470,000,000","139,825,000,000","105,088,000,000","104,550,000,000","99,825,000,000","93,508,000,000","94,118,000,000","89,990,000,000","89,699,000,000","91,082,000,000","83,106,000,000","80,425,000,000","76,018,000,000","76,134,000,000","73,419,000,000","70,938,000,000","70,090,000,000","71,619,000,000","73,751,000,000","74,627,000,000","72,204,000,000","72,228,000,000","73,423,000,000","73,662,000,000","73,112,000,000","69,257,000,000","69,599,000,000","62,860,000,000","52,668,000,000","48,006,000,000","48,978,000,000","50,171,000,000","49,360,000,000","49,118,000,000","49,038,000,000","46,338,000,000","45,979,000,000","43,583,000,000","39,587,000,000","40,082,000,000","36,592,000,000","36,628,000,000","37,733,000,000","37,752,000,000","39,568,000,000","41,210,998,930.4","42,599,000,000","39,859,000,000"
			LongTermDebt,"55,779,000,000",,,,"53,686,000,000",,,,"59,430,000,000",,,,,,,,,,,,,,,,"36,218,000,000","31,972,000,000",,"27,329,000,000",,,,,,"36,812,000,000","31,788,000,000","34,381,000,000","35,148,000,000","35,796,000,000","34,889,000,000","30,862,000,000","31,522,000,000","25,469,000,000","18,341,000,000","13,772,000,000","10,742,000,000","11,072,000,000","11,378,000,000","12,363,000,000","12,660,000,000","12,236,000,000","11,978,000,000","9,713,000,000","7,665,000,000","8,472,000,000","7,347,000,000","7,578,000,000","7,795,000,000","7,905,000,000","7,977,000,000","8,857,999,313.5","9,638,000,000",
			NonCurrentDeferredTaxesLiabilities,"14,522,000,000","14,373,000,000","14,368,000,000","14,563,000,000","14,837,000,000","14,083,000,000","13,971,000,000","13,131,000,000","13,007,000,000","14,396,000,000","14,570,000,000","14,773,000,000","15,274,000,000","15,090,000,000","15,904,000,000","16,677,000,000","8,976,000,000","9,935,000,000","11,676,000,000","10,240,000,000","12,052,000,000","12,970,000,000","11,950,000,000","11,882,000,000","11,943,000,000","11,678,000,000","11,950,000,000","11,490,000,000","15,590,000,000","16,107,000,000","15,626,000,000","15,887,000,000","15,814,000,000","16,626,000,000","15,573,000,000","13,388,000,000","13,179,000,000","13,802,000,000","14,184,000,000","13,838,000,000","13,917,000,000","13,726,000,000","12,778,000,000","12,518,000,000","14,688,000,000","13,994,000,000","13,473,000,000","13,039,000,000","13,665,000,000","13,159,000,000","13,114,000,000","13,094,000,000","12,485,000,000","12,007,000,000","11,061,000,000","10,763,000,000","12,411,000,000","12,807,000,000","12,625,000,000","12,930,000,243.1","13,459,000,000",
			OtherNonCurrentLiabilities,"-1,000,000","-1,000,000","1,000,000","-1,000,000",,,,,,,,,,,,,,,"25,055,000,000",,,,"11,967,000,000",,,,,,,,,,,,"4,417,000,000","4,250,000,000","4,696,000,000","4,869,000,000","4,579,000,000","4,586,000,000",,"4,619,000,000","3,642,000,000","21,716,000,000",,,,"23,716,000,000",,,,"20,776,000,000",,,,"18,287,000,000",,"17,040,000,000","18,966,000,000",,"7,174,000,000",
			TotalNonCurrentLiabilitiesNetMinorityInterest,"134,249,000,000","128,029,000,000","128,320,000,000","128,724,000,000","118,847,000,000","116,757,000,000","124,473,000,000","127,817,000,000","129,518,000,000","139,629,000,000","143,283,000,000","147,415,000,000","148,939,000,000","155,982,000,000","147,470,000,000","139,825,000,000","105,088,000,000","104,550,000,000","99,825,000,000","93,508,000,000","94,118,000,000","89,990,000,000","89,699,000,000","91,082,000,000","83,106,000,000","80,425,000,000","76,018,000,000","76,134,000,000","73,419,000,000","70,938,000,000","70,090,000,000","71,619,000,000","73,751,000,000","74,627,000,000","72,204,000,000","72,228,000,000","73,423,000,000","73,662,000,000","73,112,000,000","69,257,000,000","69,599,000,000","62,860,000,000","52,668,000,000","48,006,000,000","48,978,000,000","50,171,000,000","49,360,000,000","49,118,000,000","49,038,000,000","46,338,000,000","45,979,000,000","43,583,000,000","39,587,000,000","40,082,000,000","36,592,000,000","36,628,000,000","37,733,000,000","37,752,000,000","39,568,000,000","41,210,998,930.4","42,599,000,000","39,859,000,000"
		TotalLiabilitiesNetMinorityInterest,"213,873,000,000","203,194,000,000","212,637,000,000","211,569,000,000","196,660,000,000","206,503,000,000","205,994,000,000","209,406,000,000","209,285,000,000","214,549,000,000","214,528,000,000","218,198,000,000","222,764,000,000","230,919,000,000","224,935,000,000","218,290,000,000","176,036,000,000","181,219,000,000","178,320,000,000","173,010,000,000","180,330,000,000","178,419,000,000","184,603,000,000","183,463,000,000","176,364,000,000","174,207,000,000","167,287,000,000","175,755,000,000","170,398,000,000","175,167,000,000","167,756,000,000","180,108,000,000","181,279,000,000","183,508,000,000","183,644,000,000","172,780,000,000","166,209,000,000","158,094,000,000","157,465,000,000","154,046,000,000","158,742,000,000","156,615,000,000","153,379,000,000","153,535,000,000","161,706,000,000","200,770,000,000","162,257,000,000","143,502,000,000","131,553,000,000","127,196,000,000","127,621,000,000","120,331,000,000","123,153,000,000","122,317,000,000","117,062,000,000","121,592,000,000","141,425,000,000","108,428,000,000","106,160,000,000","96,063,000,256.9","98,642,000,000","90,079,000,000"
	StockholdersEquity,"186,476,000,000","188,616,000,000","192,277,000,000","196,325,000,000","198,646,000,000","197,533,000,000","197,319,000,000","197,331,000,000","194,356,000,000","195,026,000,000","193,042,000,000","190,817,000,000","186,646,000,000","186,886,000,000","190,670,000,000","196,521,000,000","162,876,000,000","161,348,000,000","176,787,000,000","167,960,000,000","172,144,000,000","180,002,000,000","185,015,000,000","182,028,000,000","180,047,000,000","179,147,000,000","176,867,000,000","179,806,000,000","188,494,000,000","183,785,000,000","176,637,000,000","177,647,000,000","164,601,000,000","165,487,000,000","157,805,000,000","148,013,000,000","142,744,000,000","137,488,000,000","138,010,000,000","136,431,000,000","136,863,000,000","133,509,000,000","126,434,000,000","127,285,000,000","138,469,000,000","139,809,000,000","131,130,000,000","123,960,000,000","118,194,000,000","112,621,000,000","105,105,000,000","105,726,000,000","101,604,000,000","100,213,000,000","95,501,000,000","90,924,000,000","92,353,000,000","87,829,000,000","83,661,000,000","86,049,999,999.7","77,813,000,000","75,688,000,000"
		CapitalStock,"657,000,000","666,000,000","674,000,000","680,000,000","685,000,000","692,000,000","696,000,000","696,000,000","696,000,000","692,000,000",,"687,000,000","683,000,000","679,000,000","675,000,000","671,000,000","546,000,000","543,000,000","541,000,000","539,000,000","540,000,000","543,000,000","544,000,000","543,000,000","542,000,000","540,000,000","540,000,000","543,000,000","542,000,000","540,000,000","538,000,000","539,000,000","535,000,000","535,000,000","532,000,000","529,000,000","527,000,000","527,000,000","527,000,000","527,000,000","527,000,000","527,000,000","527,000,000","527,000,000","529,000,000","531,000,000","534,000,000","536,000,000",,,,"545,000,000",,,,"571,000,000",,"583,000,000","583,000,000","604,000,863.5",,
		RetainedEarnings,"148,258,000,000","149,929,000,000","153,644,000,000","157,791,000,000","182,606,000,000","183,014,000,000","158,955,000,000","179,935,000,000","155,601,000,000","176,170,000,000",,"176,448,000,000","175,566,000,000","176,170,000,000","177,464,000,000","178,599,000,000","180,100,000,000","180,326,000,000","190,087,000,000","188,482,000,000","187,159,000,000","189,394,000,000","188,858,000,000","186,259,000,000","183,474,000,000","184,788,000,000","182,810,000,000","185,079,000,000","180,218,000,000","175,005,000,000","170,116,000,000","169,061,000,000","157,987,000,000","154,346,000,000","147,467,000,000","140,179,000,000","133,901,000,000","133,010,000,000","130,681,000,000","127,633,000,000","128,284,000,000","127,730,000,000","126,589,000,000","125,447,000,000","130,663,000,000","125,329,000,000","117,095,000,000","111,668,000,000",,,,"99,677,000,000",,,,"90,578,000,000",,"85,407,000,000","82,180,000,000","80,788,000,090.1",,
		StockholdersEquity,"186,476,000,000","188,616,000,000","192,277,000,000","196,325,000,000","198,646,000,000","197,533,000,000","197,319,000,000","197,331,000,000","194,356,000,000","195,026,000,000","193,042,000,000","190,817,000,000","186,646,000,000","186,886,000,000","190,670,000,000","196,521,000,000","162,876,000,000","161,348,000,000","176,787,000,000","167,960,000,000","172,144,000,000","180,002,000,000","185,015,000,000","182,028,000,000","180,047,000,000","179,147,000,000","176,867,000,000","179,806,000,000","188,494,000,000","183,785,000,000","176,637,000,000","177,647,000,000","164,601,000,000","165,487,000,000","157,805,000,000","148,013,000,000","142,744,000,000","137,488,000,000","138,010,000,000","136,431,000,000","136,863,000,000","133,509,000,000","126,434,000,000","127,285,000,000","138,469,000,000","139,809,000,000","131,130,000,000","123,960,000,000","118,194,000,000","112,621,000,000","105,105,000,000","105,726,000,000","101,604,000,000","100,213,000,000","95,501,000,000","90,924,000,000","92,353,000,000","87,829,000,000","83,661,000,000","86,049,999,999.7","77,813,000,000","75,688,000,000"
	TotalAssets,"404,336,000,000","395,774,000,000","408,891,000,000","411,825,000,000","399,194,000,000","407,989,000,000","407,234,000,000","410,719,000,000","407,097,000,000","413,082,000,000","410,785,000,000","410,951,000,000","411,275,000,000","419,648,000,000","417,441,000,000","416,304,000,000","340,157,000,000","343,701,000,000","356,328,000,000","341,832,000,000","353,294,000,000","359,411,000,000","370,716,000,000","366,593,000,000","357,512,000,000","354,613,000,000","345,508,000,000","356,994,000,000","360,325,000,000","360,350,000,000","345,832,000,000","359,300,000,000","347,482,000,000","350,824,000,000","343,327,000,000","322,560,000,000","310,654,000,000","297,257,000,000","297,202,000,000","292,181,000,000","297,254,000,000","291,737,000,000","281,320,000,000","282,401,000,000","302,081,000,000","342,679,000,000","295,420,000,000","269,470,000,000","251,579,000,000","241,540,000,000","241,131,000,000","235,276,000,000","233,444,000,000","230,550,000,000","220,033,000,000","219,516,000,000","241,230,000,000","202,497,000,000","195,498,000,000","187,445,999,829.1","181,189,000,000","169,915,000,000"